rocket,payloads,launchpad,cores,date_utc,payload_mass,orbit,booster_version,launch_site,longitude,latitude,core_block,core_reused_count,core_serial,core_outcome,core_flights,core_gridfins,core_reused,core_legs,core_landing_pad,flight_number,landing_class
5e9d0d95eda69973a809d1ec,5eb0e4b7b6c3bb0006eeb1e7,5e9e4501f509094ba4566f84,"{'core': '5e9e289ef359185f2b3b2628', 'flight': 1, 'gridfins': False, 'legs': False, 'reused': False, 'landing_attempt': False, 'landing_success': None, 'landing_type': None, 'landpad': None}",2010-06-04T18:45:00.000Z,6123.547647058824,LEO,Falcon 9,CCSFS SLC 40,-80.577366,28.5618571,1.0,0,B0003,None None,1,False,False,False,,1,0
5e9d0d95eda69973a809d1ec,5eb0e4bab6c3bb0006eeb1ea,5e9e4501f509094ba4566f84,"{'core': '5e9e289ef35918f39c3b262a', 'flight': 1, 'gridfins': False, 'legs': False, 'reused': False, 'landing_attempt': False, 'landing_success': None, 'landing_type': None, 'landpad': None}",2012-05-22T07:44:00.000Z,525.0,LEO,Falcon 9,CCSFS SLC 40,-80.577366,28.5618571,1.0,0,B0005,None None,1,False,False,False,,2,0
5e9d0d95eda69973a809d1ec,5eb0e4bbb6c3bb0006eeb1ed,5e9e4501f509094ba4566f84,"{'core': '5e9e289ff3591884e03b262c', 'flight': 1, 'gridfins': False, 'legs': False, 'reused': False, 'landing_attempt': False, 'landing_success': None, 'landing_type': None, 'landpad': None}",2013-03-01T19:10:00.000Z,677.0,ISS,Falcon 9,CCSFS SLC 40,-80.577366,28.5618571,1.0,0,B0007,None None,1,False,False,False,,3,0
5e9d0d95eda69973a809d1ec,5eb0e4bbb6c3bb0006eeb1ee,5e9e4502f509092b78566f87,"{'core': '5e9e289ff359180ae23b262d', 'flight': 1, 'gridfins': False, 'legs': False, 'reused': False, 'landing_attempt': True, 'landing_success': False, 'landing_type': 'Ocean', 'landpad': None}",2013-09-29T16:00:00.000Z,500.0,PO,Falcon 9,VAFB SLC 4E,-120.610829,34.632093,1.0,0,B1003,False Ocean,1,False,False,False,,4,0
5e9d0d95eda69973a809d1ec,5eb0e4bbb6c3bb0006eeb1ef,5e9e4501f509094ba4566f84,"{'core': '5e9e289ff35918862c3b262e', 'flight': 1, 'gridfins': False, 'legs': False, 'reused': False, 'landing_attempt': False, 'landing_success': None, 'landing_type': None, 'landpad': None}",2013-12-03T22:41:00.000Z,3170.0,GTO,Falcon 9,CCSFS SLC 40,-80.577366,28.5618571,1.0,0,B1004,None None,1,False,False,False,,5,0
5e9d0d95eda69973a809d1ec,5eb0e4bbb6c3bb0006eeb1f0,5e9e4501f509094ba4566f84,"{'core': '5e9e289ff3591878603b262f', 'flight': 1, 'gridfins': False, 'legs': False, 'reused': False, 'landing_attempt': False, 'landing_success': None, 'landing_type': None, 'landpad': None}",2014-01-06T18:06:00.000Z,3325.0,GTO,Falcon 9,CCSFS SLC 40,-80.577366,28.5618571,1.0,0,B1005,None None,1,False,False,False,,6,0
5e9d0d95eda69973a809d1ec,5eb0e4bbb6c3bb0006eeb1f1,5e9e4501f509094ba4566f84,"{'core': '5e9e289ff3591829343b2630', 'flight': 1, 'gridfins': False, 'legs': True, 'reused': False, 'landing_attempt': True, 'landing_success': True, 'landing_type': 'Ocean', 'landpad': None}",2014-04-18T19:25:00.000Z,2296.0,ISS,Falcon 9,CCSFS SLC 40,-80.577366,28.5618571,1.0,0,B1006,True Ocean,1,False,False,True,,7,1
5e9d0d95eda69973a809d1ec,5eb0e4bcb6c3bb0006eeb1f2,5e9e4501f509094ba4566f84,"{'core': '5e9e28a0f3591870a63b2631', 'flight': 1, 'gridfins': False, 'legs': True, 'reused': False, 'landing_attempt': True, 'landing_success': True, 'landing_type': 'Ocean', 'landpad': None}",2014-07-14T15:15:00.000Z,1316.0,LEO,Falcon 9,CCSFS SLC 40,-80.577366,28.5618571,1.0,0,B1007,True Ocean,1,False,False,True,,8,1
5e9d0d95eda69973a809d1ec,5eb0e4bcb6c3bb0006eeb1f3,5e9e4501f509094ba4566f84,"{'core': '5e9e28a0f359186e2e3b2632', 'flight': 1, 'gridfins': False, 'legs': False, 'reused': False, 'landing_attempt': False, 'landing_success': None, 'landing_type': None, 'landpad': None}",2014-08-05T08:00:00.000Z,4535.0,GTO,Falcon 9,CCSFS SLC 40,-80.577366,28.5618571,1.0,0,B1008,None None,1,False,False,False,,9,0
5e9d0d95eda69973a809d1ec,5eb0e4bcb6c3bb0006eeb1f4,5e9e4501f509094ba4566f84,"{'core': '5e9e28a0f35918b1bc3b2633', 'flight': 1, 'gridfins': False, 'legs': False, 'reused': False, 'landing_attempt': False, 'landing_success': None, 'landing_type': None, 'landpad': None}",2014-09-07T05:00:00.000Z,4428.0,GTO,Falcon 9,CCSFS SLC 40,-80.577366,28.5618571,1.0,0,B1011,None None,1,False,False,False,,10,0
5e9d0d95eda69973a809d1ec,5eb0e4bcb6c3bb0006eeb1f5,5e9e4501f509094ba4566f84,"{'core': '5e9e28a0f359184a683b2634', 'flight': 1, 'gridfins': False, 'legs': False, 'reused': False, 'landing_attempt': True, 'landing_success': False, 'landing_type': 'Ocean', 'landpad': None}",2014-09-21T05:52:00.000Z,2216.0,ISS,Falcon 9,CCSFS SLC 40,-80.577366,28.5618571,1.0,0,B1010,False Ocean,1,False,False,False,,11,0
5e9d0d95eda69973a809d1ec,5eb0e4bdb6c3bb0006eeb1f6,5e9e4501f509094ba4566f84,"{'core': '5e9e28a0f359187a3c3b2635', 'flight': 1, 'gridfins': True, 'legs': True, 'reused': False, 'landing_attempt': True, 'landing_success': False, 'landing_type': 'ASDS', 'landpad': '5e9e3032383ecb761634e7cb'}",2015-01-10T09:47:00.000Z,2395.0,ISS,Falcon 9,CCSFS SLC 40,-80.577366,28.5618571,1.0,0,B1012,False ASDS,1,True,False,True,5e9e3032383ecb761634e7cb,12,0
5e9d0d95eda69973a809d1ec,5eb0e4bdb6c3bb0006eeb1f7,5e9e4501f509094ba4566f84,"{'core': '5e9e28a0f3591885be3b2636', 'flight': 1, 'gridfins': True, 'legs': True, 'reused': False, 'landing_attempt': True, 'landing_success': True, 'landing_type': 'Ocean', 'landpad': None}",2015-02-11T23:03:00.000Z,570.0,ES-L1,Falcon 9,CCSFS SLC 40,-80.577366,28.5618571,1.0,0,B1013,True Ocean,1,True,False,True,,13,1
5e9d0d95eda69973a809d1ec,5eb0e4bdb6c3bb0006eeb1fa,5e9e4501f509094ba4566f84,"{'core': '5e9e28a1f359186d533b2638', 'flight': 1, 'gridfins': True, 'legs': True, 'reused': False, 'landing_attempt': True, 'landing_success': False, 'landing_type': 'ASDS', 'landpad': '5e9e3032383ecb761634e7cb'}",2015-04-14T20:10:00.000Z,1898.0,ISS,Falcon 9,CCSFS SLC 40,-80.577366,28.5618571,1.0,0,B1015,False ASDS,1,True,False,True,5e9e3032383ecb761634e7cb,14,0
5e9d0d95eda69973a809d1ec,5eb0e4beb6c3bb0006eeb1fb,5e9e4501f509094ba4566f84,"{'core': '5e9e28a1f35918233f3b2639', 'flight': 1, 'gridfins': False, 'legs': False, 'reused': False, 'landing_attempt': False, 'landing_success': None, 'landing_type': None, 'landpad': None}",2015-04-27T23:03:00.000Z,4707.0,GTO,Falcon 9,CCSFS SLC 40,-80.577366,28.5618571,1.0,0,B1016,None None,1,False,False,False,,15,0
5e9d0d95eda69973a809d1ec,5eb0e4beb6c3bb0006eeb1fc,5e9e4501f509094ba4566f84,"{'core': '5e9e28a1f35918683c3b263a', 'flight': 1, 'gridfins': True, 'legs': True, 'reused': False, 'landing_attempt': True, 'landing_success': None, 'landing_type': 'ASDS', 'landpad': '5e9e3032383ecb6bb234e7ca'}",2015-06-28T14:21:00.000Z,2477.0,ISS,Falcon 9,CCSFS SLC 40,-80.577366,28.5618571,1.0,0,B1018,None ASDS,1,True,False,True,5e9e3032383ecb6bb234e7ca,16,0
5e9d0d95eda69973a809d1ec,5eb0e4beb6c3bb0006eeb1fd,5e9e4501f509094ba4566f84,"{'core': '5e9e28a1f3591867753b263b', 'flight': 1, 'gridfins': True, 'legs': True, 'reused': False, 'landing_attempt': True, 'landing_success': True, 'landing_type': 'RTLS', 'landpad': '5e9e3032383ecb267a34e7c7'}",2015-12-22T01:29:00.000Z,2034.0,LEO,Falcon 9,CCSFS SLC 40,-80.577366,28.5618571,1.0,0,B1019,True RTLS,1,True,False,True,5e9e3032383ecb267a34e7c7,17,1
5e9d0d95eda69973a809d1ec,5eb0e4beb6c3bb0006eeb1fe,5e9e4502f509092b78566f87,"{'core': '5e9e28a1f3591842fa3b263c', 'flight': 1, 'gridfins': True, 'legs': True, 'reused': False, 'landing_attempt': True, 'landing_success': False, 'landing_type': 'ASDS', 'landpad': '5e9e3033383ecbb9e534e7cc'}",2016-01-17T15:42:00.000Z,553.0,PO,Falcon 9,VAFB SLC 4E,-120.610829,34.632093,1.0,0,B1017,False ASDS,1,True,False,True,5e9e3033383ecbb9e534e7cc,18,0
5e9d0d95eda69973a809d1ec,5eb0e4beb6c3bb0006eeb1ff,5e9e4501f509094ba4566f84,"{'core': '5e9e28a1f359188def3b263d', 'flight': 1, 'gridfins': True, 'legs': True, 'reused': False, 'landing_attempt': True, 'landing_success': False, 'landing_type': 'ASDS', 'landpad': '5e9e3032383ecb6bb234e7ca'}",2016-03-04T23:35:00.000Z,5271.0,GTO,Falcon 9,CCSFS SLC 40,-80.577366,28.5618571,1.0,0,B1020,False ASDS,1,True,False,True,5e9e3032383ecb6bb234e7ca,19,0
5e9d0d95eda69973a809d1ec,5eb0e4bfb6c3bb0006eeb200,5e9e4501f509094ba4566f84,"{'core': '5e9e28a2f359182d0b3b263e', 'flight': 1, 'gridfins': True, 'legs': True, 'reused': False, 'landing_attempt': True, 'landing_success': True, 'landing_type': 'ASDS', 'landpad': '5e9e3032383ecb6bb234e7ca'}",2016-04-08T20:43:00.000Z,3136.0,ISS,Falcon 9,CCSFS SLC 40,-80.577366,28.5618571,2.0,1,B1021,True ASDS,1,True,False,True,5e9e3032383ecb6bb234e7ca,20,1
5e9d0d95eda69973a809d1ec,5eb0e4bfb6c3bb0006eeb201,5e9e4501f509094ba4566f84,"{'core': '5e9e28a2f35918077b3b263f', 'flight': 1, 'gridfins': True, 'legs': True, 'reused': False, 'landing_attempt': True, 'landing_success': True, 'landing_type': 'ASDS', 'landpad': '5e9e3032383ecb6bb234e7ca'}",2016-05-06T05:21:00.000Z,4696.0,GTO,Falcon 9,CCSFS SLC 40,-80.577366,28.5618571,2.0,0,B1022,True ASDS,1,True,False,True,5e9e3032383ecb6bb234e7ca,21,1
5e9d0d95eda69973a809d1ec,5eb0e4bfb6c3bb0006eeb202,5e9e4501f509094ba4566f84,"{'core': '5e9e28a2f3591845c73b2640', 'flight': 1, 'gridfins': True, 'legs': True, 'reused': False, 'landing_attempt': True, 'landing_success': True, 'landing_type': 'ASDS', 'landpad': '5e9e3032383ecb6bb234e7ca'}",2016-05-27T21:39:00.000Z,3100.0,GTO,Falcon 9,CCSFS SLC 40,-80.577366,28.5618571,2.0,1,B1023,True ASDS,1,True,False,True,5e9e3032383ecb6bb234e7ca,22,1
5e9d0d95eda69973a809d1ec,5eb0e4c0b6c3bb0006eeb205,5e9e4501f509094ba4566f84,"{'core': '5e9e28a2f359187f273b2642', 'flight': 1, 'gridfins': True, 'legs': True, 'reused': False, 'landing_attempt': True, 'landing_success': True, 'landing_type': 'RTLS', 'landpad': '5e9e3032383ecb267a34e7c7'}",2016-07-18T04:45:00.000Z,2257.0,ISS,Falcon 9,CCSFS SLC 40,-80.577366,28.5618571,2.0,1,B1025,True RTLS,1,True,False,True,5e9e3032383ecb267a34e7c7,23,1
5e9d0d95eda69973a809d1ec,5eb0e4c1b6c3bb0006eeb206,5e9e4501f509094ba4566f84,"{'core': '5e9e28a2f35918b8243b2643', 'flight': 1, 'gridfins': True, 'legs': True, 'reused': False, 'landing_attempt': True, 'landing_success': True, 'landing_type': 'ASDS', 'landpad': '5e9e3032383ecb6bb234e7ca'}",2016-08-14T05:26:00.000Z,4600.0,GTO,Falcon 9,CCSFS SLC 40,-80.577366,28.5618571,2.0,0,B1026,True ASDS,1,True,False,True,5e9e3032383ecb6bb234e7ca,24,1
5e9d0d95eda69973a809d1ec,5eb0e4c1b6c3bb0006eeb207,5e9e4501f509094ba4566f84,"{'core': '5e9e28a2f359187ee83b2644', 'flight': 1, 'gridfins': True, 'legs': True, 'reused': False, 'landing_attempt': True, 'landing_success': None, 'landing_type': 'ASDS', 'landpad': '5e9e3032383ecb6bb234e7ca'}",2016-09-01T13:07:00.000Z,5500.0,GTO,Falcon 9,CCSFS SLC 40,-80.577366,28.5618571,3.0,0,B1028,None ASDS,1,True,False,True,5e9e3032383ecb6bb234e7ca,25,0
5e9d0d95eda69973a809d1ec,5eb0e4c2b6c3bb0006eeb208,5e9e4502f509092b78566f87,"{'core': '5e9e28a3f359189e3a3b2645', 'flight': 1, 'gridfins': True, 'legs': True, 'reused': False, 'landing_attempt': True, 'landing_success': True, 'landing_type': 'ASDS', 'landpad': '5e9e3033383ecbb9e534e7cc'}",2017-01-14T17:54:00.000Z,9600.0,PO,Falcon 9,VAFB SLC 4E,-120.610829,34.632093,3.0,1,B1029,True ASDS,1,True,False,True,5e9e3033383ecbb9e534e7cc,26,1
5e9d0d95eda69973a809d1ec,5eb0e4c3b6c3bb0006eeb209,5e9e4502f509094188566f88,"{'core': '5e9e28a3f3591829dc3b2646', 'flight': 1, 'gridfins': True, 'legs': True, 'reused': False, 'landing_attempt': True, 'landing_success': True, 'landing_type': 'RTLS', 'landpad': '5e9e3032383ecb267a34e7c7'}",2017-02-19T14:39:00.000Z,2490.0,ISS,Falcon 9,KSC LC 39A,-80.6039558,28.6080585,3.0,1,B1031,True RTLS,1,True,False,True,5e9e3032383ecb267a34e7c7,27,1
5e9d0d95eda69973a809d1ec,5eb0e4c3b6c3bb0006eeb20a,5e9e4502f509094188566f88,"{'core': '5e9e28a3f3591878473b2647', 'flight': 1, 'gridfins': False, 'legs': False, 'reused': False, 'landing_attempt': False, 'landing_success': None, 'landing_type': None, 'landpad': None}",2017-03-16T06:00:00.000Z,5600.0,GTO,Falcon 9,KSC LC 39A,-80.6039558,28.6080585,3.0,0,B1030,None None,1,False,False,False,,28,0
5e9d0d95eda69973a809d1ec,5eb0e4c3b6c3bb0006eeb20b,5e9e4502f509094188566f88,"{'core': '5e9e28a2f359182d0b3b263e', 'flight': 2, 'gridfins': True, 'legs': True, 'reused': True, 'landing_attempt': True, 'landing_success': True, 'landing_type': 'ASDS', 'landpad': '5e9e3032383ecb6bb234e7ca'}",2017-03-30T22:27:00.000Z,5300.0,GTO,Falcon 9,KSC LC 39A,-80.6039558,28.6080585,2.0,1,B1021,True ASDS,2,True,True,True,5e9e3032383ecb6bb234e7ca,29,1
5e9d0d95eda69973a809d1ec,5eb0e4c3b6c3bb0006eeb20c,5e9e4502f509094188566f88,"{'core': '5e9e28a3f3591811f83b2648', 'flight': 1, 'gridfins': True, 'legs': True, 'reused': False, 'landing_attempt': True, 'landing_success': True, 'landing_type': 'RTLS', 'landpad': '5e9e3032383ecb267a34e7c7'}",2017-05-01T11:15:00.000Z,6123.547647058824,LEO,Falcon 9,KSC LC 39A,-80.6039558,28.6080585,3.0,1,B1032,True RTLS,1,True,False,True,5e9e3032383ecb267a34e7c7,30,1
5e9d0d95eda69973a809d1ec,5eb0e4c3b6c3bb0006eeb20d,5e9e4502f509094188566f88,"{'core': '5e9e28a3f359186f3f3b2649', 'flight': 1, 'gridfins': False, 'legs': False, 'reused': False, 'landing_attempt': False, 'landing_success': None, 'landing_type': None, 'landpad': None}",2017-05-15T23:21:00.000Z,6070.0,GTO,Falcon 9,KSC LC 39A,-80.6039558,28.6080585,3.0,0,B1034,None None,1,False,False,False,,31,0
5e9d0d95eda69973a809d1ec,5eb0e4c4b6c3bb0006eeb20e,5e9e4502f509094188566f88,"{'core': '5e9e28a3f3591856803b264a', 'flight': 1, 'gridfins': True, 'legs': True, 'reused': False, 'landing_attempt': True, 'landing_success': True, 'landing_type': 'RTLS', 'landpad': '5e9e3032383ecb267a34e7c7'}",2017-06-03T21:07:00.000Z,2708.0,ISS,Falcon 9,KSC LC 39A,-80.6039558,28.6080585,3.0,1,B1035,True RTLS,1,True,False,True,5e9e3032383ecb267a34e7c7,32,1
5e9d0d95eda69973a809d1ec,5eb0e4c4b6c3bb0006eeb20f,5e9e4502f509094188566f88,"{'core': '5e9e28a3f359189e3a3b2645', 'flight': 2, 'gridfins': True, 'legs': True, 'reused': True, 'landing_attempt': True, 'landing_success': True, 'landing_type': 'ASDS', 'landpad': '5e9e3032383ecb6bb234e7ca'}",2017-06-23T19:10:00.000Z,3669.0,GTO,Falcon 9,KSC LC 39A,-80.6039558,28.6080585,3.0,1,B1029,True ASDS,2,True,True,True,5e9e3032383ecb6bb234e7ca,33,1
5e9d0d95eda69973a809d1ec,5eb0e4c4b6c3bb0006eeb210,5e9e4502f509092b78566f87,"{'core': '5e9e28a3f3591801cf3b264b', 'flight': 1, 'gridfins': True, 'legs': True, 'reused': False, 'landing_attempt': True, 'landing_success': True, 'landing_type': 'ASDS', 'landpad': '5e9e3033383ecbb9e534e7cc'}",2017-06-25T20:25:00.000Z,9600.0,PO,Falcon 9,VAFB SLC 4E,-120.610829,34.632093,3.0,1,B1036,True ASDS,1,True,False,True,5e9e3033383ecbb9e534e7cc,34,1
5e9d0d95eda69973a809d1ec,5eb0e4c4b6c3bb0006eeb211,5e9e4502f509094188566f88,"{'core': '5e9e28a4f3591850cc3b264c', 'flight': 1, 'gridfins': False, 'legs': False, 'reused': False, 'landing_attempt': False, 'landing_success': None, 'landing_type': None, 'landpad': None}",2017-07-05T23:35:00.000Z,6761.0,GTO,Falcon 9,KSC LC 39A,-80.6039558,28.6080585,3.0,0,B1037,None None,1,False,False,False,,35,0
5e9d0d95eda69973a809d1ec,5eb0e4c4b6c3bb0006eeb212,5e9e4502f509094188566f88,"{'core': '5e9e28a4f3591884ee3b264d', 'flight': 1, 'gridfins': True, 'legs': True, 'reused': False, 'landing_attempt': True, 'landing_success': True, 'landing_type': 'RTLS', 'landpad': '5e9e3032383ecb267a34e7c7'}",2017-08-14T16:31:00.000Z,2910.0,ISS,Falcon 9,KSC LC 39A,-80.6039558,28.6080585,4.0,1,B1039,True RTLS,1,True,False,True,5e9e3032383ecb267a34e7c7,36,1
5e9d0d95eda69973a809d1ec,5eb0e4c4b6c3bb0006eeb213,5e9e4502f509092b78566f87,"{'core': '5e9e28a4f359182d843b264e', 'flight': 1, 'gridfins': True, 'legs': True, 'reused': False, 'landing_attempt': True, 'landing_success': True, 'landing_type': 'ASDS', 'landpad': '5e9e3033383ecbb9e534e7cc'}",2017-08-24T18:50:00.000Z,475.0,SSO,Falcon 9,VAFB SLC 4E,-120.610829,34.632093,3.0,1,B1038,True ASDS,1,True,False,True,5e9e3033383ecbb9e534e7cc,37,1
5e9d0d95eda69973a809d1ec,5eb0e4c5b6c3bb0006eeb214,5e9e4502f509094188566f88,"{'core': '5e9e28a4f3591845123b264f', 'flight': 1, 'gridfins': True, 'legs': True, 'reused': False, 'landing_attempt': True, 'landing_success': True, 'landing_type': 'RTLS', 'landpad': '5e9e3032383ecb267a34e7c7'}",2017-09-07T13:50:00.000Z,4990.0,LEO,Falcon 9,KSC LC 39A,-80.6039558,28.6080585,4.0,1,B1040,True RTLS,1,True,False,True,5e9e3032383ecb267a34e7c7,38,1
5e9d0d95eda69973a809d1ec,5eb0e4c5b6c3bb0006eeb215,5e9e4502f509092b78566f87,"{'core': '5e9e28a4f3591843103b2650', 'flight': 1, 'gridfins': True, 'legs': True, 'reused': False, 'landing_attempt': True, 'landing_success': True, 'landing_type': 'ASDS', 'landpad': '5e9e3033383ecbb9e534e7cc'}",2017-10-09T12:37:00.000Z,9600.0,PO,Falcon 9,VAFB SLC 4E,-120.610829,34.632093,4.0,1,B1041,True ASDS,1,True,False,True,5e9e3033383ecbb9e534e7cc,39,1
5e9d0d95eda69973a809d1ec,5eb0e4c5b6c3bb0006eeb216,5e9e4502f509094188566f88,"{'core': '5e9e28a3f3591829dc3b2646', 'flight': 2, 'gridfins': True, 'legs': True, 'reused': True, 'landing_attempt': True, 'landing_success': True, 'landing_type': 'ASDS', 'landpad': '5e9e3032383ecb6bb234e7ca'}",2017-10-11T22:53:00.000Z,5200.0,GTO,Falcon 9,KSC LC 39A,-80.6039558,28.6080585,3.0,1,B1031,True ASDS,2,True,True,True,5e9e3032383ecb6bb234e7ca,40,1
5e9d0d95eda69973a809d1ec,5eb0e4c5b6c3bb0006eeb217,5e9e4502f509094188566f88,"{'core': '5e9e28a4f359185cc03b2651', 'flight': 1, 'gridfins': True, 'legs': True, 'reused': False, 'landing_attempt': True, 'landing_success': True, 'landing_type': 'ASDS', 'landpad': '5e9e3032383ecb6bb234e7ca'}",2017-10-30T19:34:00.000Z,3700.0,GTO,Falcon 9,KSC LC 39A,-80.6039558,28.6080585,4.0,0,B1042,True ASDS,1,True,False,True,5e9e3032383ecb6bb234e7ca,41,1
5e9d0d95eda69973a809d1ec,5eb0e4c5b6c3bb0006eeb218,5e9e4501f509094ba4566f84,"{'core': '5e9e28a3f3591856803b264a', 'flight': 2, 'gridfins': True, 'legs': True, 'reused': True, 'landing_attempt': True, 'landing_success': True, 'landing_type': 'RTLS', 'landpad': '5e9e3032383ecb267a34e7c7'}",2017-12-15T15:36:00.000Z,2205.0,ISS,Falcon 9,CCSFS SLC 40,-80.577366,28.5618571,3.0,1,B1035,True RTLS,2,True,True,True,5e9e3032383ecb267a34e7c7,42,1
5e9d0d95eda69973a809d1ec,5eb0e4c6b6c3bb0006eeb219,5e9e4502f509092b78566f87,"{'core': '5e9e28a3f3591801cf3b264b', 'flight': 2, 'gridfins': True, 'legs': False, 'reused': True, 'landing_attempt': True, 'landing_success': True, 'landing_type': 'Ocean', 'landpad': None}",2017-12-23T01:27:23.000Z,9600.0,PO,Falcon 9,VAFB SLC 4E,-120.610829,34.632093,3.0,1,B1036,True Ocean,2,True,True,False,,43,1
5e9d0d95eda69973a809d1ec,5eb0e4c6b6c3bb0006eeb21a,5e9e4501f509094ba4566f84,"{'core': '5e9e28a4f35918345e3b2652', 'flight': 1, 'gridfins': True, 'legs': True, 'reused': False, 'landing_attempt': True, 'landing_success': True, 'landing_type': 'RTLS', 'landpad': '5e9e3032383ecb267a34e7c7'}",2018-01-08T01:00:00.000Z,6123.547647058824,LEO,Falcon 9,CCSFS SLC 40,-80.577366,28.5618571,4.0,1,B1043,True RTLS,1,True,False,True,5e9e3032383ecb267a34e7c7,44,1
5e9d0d95eda69973a809d1ec,5eb0e4c6b6c3bb0006eeb21b,5e9e4501f509094ba4566f84,"{'core': '5e9e28a3f3591811f83b2648', 'flight': 2, 'gridfins': True, 'legs': True, 'reused': True, 'landing_attempt': True, 'landing_success': True, 'landing_type': 'Ocean', 'landpad': None}",2018-01-31T21:25:00.000Z,4230.0,GTO,Falcon 9,CCSFS SLC 40,-80.577366,28.5618571,3.0,1,B1032,True Ocean,2,True,True,True,,45,1
5e9d0d95eda69973a809d1ec,5eb0e4c7b6c3bb0006eeb21f,5e9e4501f509094ba4566f84,"{'core': '5e9e28a5f359186cb73b2654', 'flight': 1, 'gridfins': True, 'legs': True, 'reused': False, 'landing_attempt': False, 'landing_success': None, 'landing_type': None, 'landpad': None}",2018-03-06T05:33:00.000Z,6092.0,GTO,Falcon 9,CCSFS SLC 40,-80.577366,28.5618571,4.0,0,B1044,None None,1,True,False,True,,46,0
5e9d0d95eda69973a809d1ec,5eb0e4c7b6c3bb0006eeb220,5e9e4502f509092b78566f87,"{'core': '5e9e28a4f3591843103b2650', 'flight': 2, 'gridfins': True, 'legs': True, 'reused': True, 'landing_attempt': False, 'landing_success': None, 'landing_type': None, 'landpad': None}",2018-03-30T14:13:51.000Z,9600.0,PO,Falcon 9,VAFB SLC 4E,-120.610829,34.632093,4.0,1,B1041,None None,2,True,True,True,,47,0
5e9d0d95eda69973a809d1ec,5eb0e4c7b6c3bb0006eeb221,5e9e4501f509094ba4566f84,"{'core': '5e9e28a4f3591884ee3b264d', 'flight': 2, 'gridfins': True, 'legs': True, 'reused': True, 'landing_attempt': False, 'landing_success': None, 'landing_type': None, 'landpad': None}",2018-04-02T20:30:41.000Z,2760.0,ISS,Falcon 9,CCSFS SLC 40,-80.577366,28.5618571,4.0,1,B1039,None None,2,True,True,True,,48,0
5e9d0d95eda69973a809d1ec,5eb0e4c7b6c3bb0006eeb222,5e9e4501f509094ba4566f84,"{'core': '5e9e28a5f35918863d3b2655', 'flight': 1, 'gridfins': True, 'legs': True, 'reused': False, 'landing_attempt': True, 'landing_success': True, 'landing_type': 'ASDS', 'landpad': '5e9e3032383ecb6bb234e7ca'}",2018-04-18T22:51:00.000Z,350.0,HEO,Falcon 9,CCSFS SLC 40,-80.577366,28.5618571,4.0,1,B1045,True ASDS,1,True,False,True,5e9e3032383ecb6bb234e7ca,49,1
5e9d0d95eda69973a809d1ec,5eb0e4c7b6c3bb0006eeb223,5e9e4502f509094188566f88,"{'core': '5e9e28a5f359182b023b2656', 'flight': 1, 'gridfins': True, 'legs': True, 'reused': False, 'landing_attempt': True, 'landing_success': True, 'landing_type': 'ASDS', 'landpad': '5e9e3032383ecb6bb234e7ca'}",2018-05-11T20:14:00.000Z,3750.0,GTO,Falcon 9,KSC LC 39A,-80.6039558,28.6080585,5.0,3,B1046,True ASDS,1,True,False,True,5e9e3032383ecb6bb234e7ca,50,1
5e9d0d95eda69973a809d1ec,5eb0e4c8b6c3bb0006eeb226,5e9e4501f509094ba4566f84,"{'core': '5e9e28a4f3591845123b264f', 'flight': 2, 'gridfins': False, 'legs': False, 'reused': True, 'landing_attempt': False, 'landing_success': None, 'landing_type': None, 'landpad': None}",2018-06-04T04:45:00.000Z,5383.85,GTO,Falcon 9,CCSFS SLC 40,-80.577366,28.5618571,4.0,1,B1040,None None,2,False,True,False,,51,0
5e9d0d95eda69973a809d1ec,5eb0e4c8b6c3bb0006eeb227,5e9e4501f509094ba4566f84,"{'core': '5e9e28a5f35918863d3b2655', 'flight': 2, 'gridfins': False, 'legs': False, 'reused': True, 'landing_attempt': False, 'landing_success': None, 'landing_type': None, 'landpad': None}",2018-06-29T09:42:00.000Z,2410.0,ISS,Falcon 9,CCSFS SLC 40,-80.577366,28.5618571,4.0,1,B1045,None None,2,False,True,False,,52,0
5e9d0d95eda69973a809d1ec,5eb0e4c8b6c3bb0006eeb228,5e9e4501f509094ba4566f84,"{'core': '5e9e28a5f359181eed3b2657', 'flight': 1, 'gridfins': True, 'legs': True, 'reused': False, 'landing_attempt': True, 'landing_success': True, 'landing_type': 'ASDS', 'landpad': '5e9e3032383ecb6bb234e7ca'}",2018-07-22T05:50:00.000Z,7076.0,GTO,Falcon 9,CCSFS SLC 40,-80.577366,28.5618571,5.0,2,B1047,True ASDS,1,True,False,True,5e9e3032383ecb6bb234e7ca,53,1
5e9d0d95eda69973a809d1ec,5eb0e4c9b6c3bb0006eeb229,5e9e4502f509092b78566f87,"{'core': '5e9e28a5f3591809c03b2658', 'flight': 1, 'gridfins': True, 'legs': True, 'reused': False, 'landing_attempt': True, 'landing_success': True, 'landing_type': 'ASDS', 'landpad': '5e9e3033383ecbb9e534e7cc'}",2018-07-25T11:39:26.000Z,9600.0,PO,Falcon 9,VAFB SLC 4E,-120.610829,34.632093,5.0,4,B1048,True ASDS,1,True,False,True,5e9e3033383ecbb9e534e7cc,54,1
5e9d0d95eda69973a809d1ec,5eb0e4c9b6c3bb0006eeb22a,5e9e4501f509094ba4566f84,"{'core': '5e9e28a5f359182b023b2656', 'flight': 2, 'gridfins': True, 'legs': True, 'reused': True, 'landing_attempt': True, 'landing_success': True, 'landing_type': 'ASDS', 'landpad': '5e9e3032383ecb6bb234e7ca'}",2018-08-07T05:18:00.000Z,5800.0,GTO,Falcon 9,CCSFS SLC 40,-80.577366,28.5618571,5.0,3,B1046,True ASDS,2,True,True,True,5e9e3032383ecb6bb234e7ca,55,1
5e9d0d95eda69973a809d1ec,5eb0e4c9b6c3bb0006eeb22b,5e9e4501f509094ba4566f84,"{'core': '5e9e28a5f3591833b13b2659', 'flight': 1, 'gridfins': True, 'legs': True, 'reused': False, 'landing_attempt': True, 'landing_success': True, 'landing_type': 'ASDS', 'landpad': '5e9e3032383ecb6bb234e7ca'}",2018-09-10T04:45:00.000Z,7060.0,GTO,Falcon 9,CCSFS SLC 40,-80.577366,28.5618571,5.0,9,B1049,True ASDS,1,True,False,True,5e9e3032383ecb6bb234e7ca,56,1
5e9d0d95eda69973a809d1ec,5eb0e4c9b6c3bb0006eeb22c,5e9e4502f509092b78566f87,"{'core': '5e9e28a5f3591809c03b2658', 'flight': 2, 'gridfins': True, 'legs': True, 'reused': True, 'landing_attempt': True, 'landing_success': True, 'landing_type': 'RTLS', 'landpad': '5e9e3032383ecb554034e7c9'}",2018-10-08T02:22:00.000Z,2800.0,SSO,Falcon 9,VAFB SLC 4E,-120.610829,34.632093,5.0,4,B1048,True RTLS,2,True,True,True,5e9e3032383ecb554034e7c9,57,1
5e9d0d95eda69973a809d1ec,5eb0e4c9b6c3bb0006eeb22d,5e9e4502f509094188566f88,"{'core': '5e9e28a5f359181eed3b2657', 'flight': 2, 'gridfins': True, 'legs': True, 'reused': True, 'landing_attempt': True, 'landing_success': True, 'landing_type': 'ASDS', 'landpad': '5e9e3032383ecb6bb234e7ca'}",2018-11-15T20:46:00.000Z,3000.0,GTO,Falcon 9,KSC LC 39A,-80.6039558,28.6080585,5.0,2,B1047,True ASDS,2,True,True,True,5e9e3032383ecb6bb234e7ca,58,1
5e9d0d95eda69973a809d1ec,5eb0e4c9b6c3bb0006eeb22e,5e9e4502f509092b78566f87,"{'core': '5e9e28a5f359182b023b2656', 'flight': 3, 'gridfins': True, 'legs': True, 'reused': True, 'landing_attempt': True, 'landing_success': True, 'landing_type': 'ASDS', 'landpad': '5e9e3033383ecbb9e534e7cc'}",2018-12-03T18:34:00.000Z,4000.0,SSO,Falcon 9,VAFB SLC 4E,-120.610829,34.632093,5.0,3,B1046,True ASDS,3,True,True,True,5e9e3033383ecbb9e534e7cc,59,1
5e9d0d95eda69973a809d1ec,5eb0e4cab6c3bb0006eeb22f,5e9e4501f509094ba4566f84,"{'core': '5e9e28a6f359185c603b265a', 'flight': 1, 'gridfins': True, 'legs': True, 'reused': False, 'landing_attempt': True, 'landing_success': False, 'landing_type': 'RTLS', 'landpad': '5e9e3032383ecb267a34e7c7'}",2018-12-05T18:16:00.000Z,2573.0,ISS,Falcon 9,CCSFS SLC 40,-80.577366,28.5618571,5.0,0,B1050,False RTLS,1,True,False,True,5e9e3032383ecb267a34e7c7,60,0
5e9d0d95eda69973a809d1ec,5eb0e4cab6c3bb0006eeb230,5e9e4501f509094ba4566f84,"{'core': '5e9e28a6f35918513b3b265b', 'flight': 1, 'gridfins': False, 'legs': False, 'reused': False, 'landing_attempt': False, 'landing_success': None, 'landing_type': None, 'landpad': None}",2018-12-23T13:51:00.000Z,4400.0,MEO,Falcon 9,CCSFS SLC 40,-80.577366,28.5618571,5.0,0,B1054,None None,1,False,False,False,,61,0
5e9d0d95eda69973a809d1ec,5eb0e4cab6c3bb0006eeb231,5e9e4502f509092b78566f87,"{'core': '5e9e28a5f3591833b13b2659', 'flight': 2, 'gridfins': True, 'legs': True, 'reused': True, 'landing_attempt': True, 'landing_success': True, 'landing_type': 'ASDS', 'landpad': '5e9e3033383ecbb9e534e7cc'}",2019-01-11T15:31:00.000Z,9600.0,PO,Falcon 9,VAFB SLC 4E,-120.610829,34.632093,5.0,9,B1049,True ASDS,2,True,True,True,5e9e3033383ecbb9e534e7cc,62,1
5e9d0d95eda69973a809d1ec,5eb0e4cbb6c3bb0006eeb235,5e9e4502f509094188566f88,"{'core': '5e9e28a6f35918c0803b265c', 'flight': 1, 'gridfins': True, 'legs': True, 'reused': False, 'landing_attempt': True, 'landing_success': True, 'landing_type': 'ASDS', 'landpad': '5e9e3032383ecb6bb234e7ca'}",2019-03-02T07:45:00.000Z,12259.0,ISS,Falcon 9,KSC LC 39A,-80.6039558,28.6080585,5.0,12,B1051,True ASDS,1,True,False,True,5e9e3032383ecb6bb234e7ca,63,1
5e9d0d95eda69973a809d1ec,5eb0e4cbb6c3bb0006eeb237,5e9e4501f509094ba4566f84,"{'core': '5e9e28a7f3591809313b2660', 'flight': 1, 'gridfins': True, 'legs': True, 'reused': False, 'landing_attempt': True, 'landing_success': True, 'landing_type': 'ASDS', 'landpad': '5e9e3032383ecb6bb234e7ca'}",2019-05-04T06:48:00.000Z,2482.0,ISS,Falcon 9,CCSFS SLC 40,-80.577366,28.5618571,5.0,3,B1056,True ASDS,1,True,False,True,5e9e3032383ecb6bb234e7ca,64,1
5e9d0d95eda69973a809d1ec,5eb0e4cbb6c3bb0006eeb238,5e9e4501f509094ba4566f84,"{'core': '5e9e28a5f3591833b13b2659', 'flight': 3, 'gridfins': True, 'legs': True, 'reused': True, 'landing_attempt': True, 'landing_success': True, 'landing_type': 'ASDS', 'landpad': '5e9e3032383ecb6bb234e7ca'}",2019-05-24T02:30:00.000Z,13200.0,VLEO,Falcon 9,CCSFS SLC 40,-80.577366,28.5618571,5.0,9,B1049,True ASDS,3,True,True,True,5e9e3032383ecb6bb234e7ca,65,1
5e9d0d95eda69973a809d1ec,5eb0e4ccb6c3bb0006eeb239,5e9e4502f509092b78566f87,"{'core': '5e9e28a6f35918c0803b265c', 'flight': 2, 'gridfins': True, 'legs': True, 'reused': True, 'landing_attempt': True, 'landing_success': True, 'landing_type': 'RTLS', 'landpad': '5e9e3032383ecb554034e7c9'}",2019-06-12T14:17:00.000Z,1425.0,SSO,Falcon 9,VAFB SLC 4E,-120.610829,34.632093,5.0,12,B1051,True RTLS,2,True,True,True,5e9e3032383ecb554034e7c9,66,1
5e9d0d95eda69973a809d1ec,5eb0e4ceb6c3bb0006eeb24a,5e9e4501f509094ba4566f84,"{'core': '5e9e28a7f3591809313b2660', 'flight': 2, 'gridfins': True, 'legs': True, 'reused': True, 'landing_attempt': True, 'landing_success': True, 'landing_type': 'RTLS', 'landpad': '5e9e3032383ecb267a34e7c7'}",2019-07-25T22:01:00.000Z,2227.7,ISS,Falcon 9,CCSFS SLC 40,-80.577366,28.5618571,5.0,3,B1056,True RTLS,2,True,True,True,5e9e3032383ecb267a34e7c7,67,1
5e9d0d95eda69973a809d1ec,5eb0e4cfb6c3bb0006eeb24b,5e9e4501f509094ba4566f84,"{'core': '5e9e28a5f359181eed3b2657', 'flight': 3, 'gridfins': False, 'legs': False, 'reused': True, 'landing_attempt': False, 'landing_success': None, 'landing_type': None, 'landpad': None}",2019-08-06T22:52:00.000Z,6500.0,GTO,Falcon 9,CCSFS SLC 40,-80.577366,28.5618571,5.0,2,B1047,None None,3,False,True,False,,68,0
5e9d0d95eda69973a809d1ec,5eb0e4cfb6c3bb0006eeb24c,5e9e4501f509094ba4566f84,"{'core': '5e9e28a5f3591809c03b2658', 'flight': 4, 'gridfins': True, 'legs': True, 'reused': True, 'landing_attempt': True, 'landing_success': True, 'landing_type': 'ASDS', 'landpad': '5e9e3032383ecb6bb234e7ca'}",2019-11-11T14:56:00.000Z,15600.0,VLEO,Falcon 9,CCSFS SLC 40,-80.577366,28.5618571,5.0,4,B1048,True ASDS,4,True,True,True,5e9e3032383ecb6bb234e7ca,69,1
5e9d0d95eda69973a809d1ec,5eb0e4cfb6c3bb0006eeb24d,5e9e4501f509094ba4566f84,"{'core': '5e9e28a7f359187afd3b2662', 'flight': 1, 'gridfins': True, 'legs': True, 'reused': False, 'landing_attempt': True, 'landing_success': True, 'landing_type': 'ASDS', 'landpad': '5e9e3032383ecb6bb234e7ca'}",2019-12-05T17:29:23.000Z,5000.0,ISS,Falcon 9,CCSFS SLC 40,-80.577366,28.5618571,5.0,5,B1059,True ASDS,1,True,False,True,5e9e3032383ecb6bb234e7ca,70,1
5e9d0d95eda69973a809d1ec,5eb0e4cfb6c3bb0006eeb24e,5e9e4501f509094ba4566f84,"{'core': '5e9e28a7f3591809313b2660', 'flight': 3, 'gridfins': True, 'legs': True, 'reused': True, 'landing_attempt': True, 'landing_success': True, 'landing_type': 'ASDS', 'landpad': '5e9e3032383ecb6bb234e7ca'}",2019-12-17T00:10:00.000Z,6800.0,GTO,Falcon 9,CCSFS SLC 40,-80.577366,28.5618571,5.0,3,B1056,True ASDS,3,True,True,True,5e9e3032383ecb6bb234e7ca,71,1
5e9d0d95eda69973a809d1ec,5eb0e4cfb6c3bb0006eeb24f,5e9e4501f509094ba4566f84,"{'core': '5e9e28a5f3591833b13b2659', 'flight': 4, 'gridfins': True, 'legs': True, 'reused': True, 'landing_attempt': True, 'landing_success': True, 'landing_type': 'ASDS', 'landpad': '5e9e3032383ecb6bb234e7ca'}",2020-01-07T02:19:00.000Z,15600.0,VLEO,Falcon 9,CCSFS SLC 40,-80.577366,28.5618571,5.0,9,B1049,True ASDS,4,True,True,True,5e9e3032383ecb6bb234e7ca,72,1
5e9d0d95eda69973a809d1ec,5eb0e4d0b6c3bb0006eeb250,5e9e4502f509094188566f88,"{'core': '5e9e28a5f359182b023b2656', 'flight': 4, 'gridfins': False, 'legs': False, 'reused': True, 'landing_attempt': False, 'landing_success': None, 'landing_type': None, 'landpad': None}",2020-01-19T14:00:00.000Z,6123.547647058824,SO,Falcon 9,KSC LC 39A,-80.6039558,28.6080585,5.0,3,B1046,None None,4,False,True,False,,73,0
5e9d0d95eda69973a809d1ec,5eb0e4d0b6c3bb0006eeb251,5e9e4501f509094ba4566f84,"{'core': '5e9e28a6f35918c0803b265c', 'flight': 3, 'gridfins': True, 'legs': True, 'reused': True, 'landing_attempt': True, 'landing_success': True, 'landing_type': 'ASDS', 'landpad': '5e9e3032383ecb6bb234e7ca'}",2020-01-29T14:06:00.000Z,15600.0,VLEO,Falcon 9,CCSFS SLC 40,-80.577366,28.5618571,5.0,12,B1051,True ASDS,3,True,True,True,5e9e3032383ecb6bb234e7ca,74,1
5e9d0d95eda69973a809d1ec,5eb0e4d0b6c3bb0006eeb252,5e9e4501f509094ba4566f84,"{'core': '5e9e28a7f3591809313b2660', 'flight': 4, 'gridfins': True, 'legs': True, 'reused': True, 'landing_attempt': True, 'landing_success': False, 'landing_type': 'ASDS', 'landpad': '5e9e3032383ecb6bb234e7ca'}",2020-02-17T15:05:55.000Z,15600.0,VLEO,Falcon 9,CCSFS SLC 40,-80.577366,28.5618571,5.0,3,B1056,False ASDS,4,True,True,True,5e9e3032383ecb6bb234e7ca,75,0
5e9d0d95eda69973a809d1ec,5eb0e4d0b6c3bb0006eeb253,5e9e4501f509094ba4566f84,"{'core': '5e9e28a7f359187afd3b2662', 'flight': 2, 'gridfins': True, 'legs': True, 'reused': True, 'landing_attempt': True, 'landing_success': True, 'landing_type': 'RTLS', 'landpad': '5e9e3032383ecb267a34e7c7'}",2020-03-07T04:50:31.000Z,1977.0,ISS,Falcon 9,CCSFS SLC 40,-80.577366,28.5618571,5.0,5,B1059,True RTLS,2,True,True,True,5e9e3032383ecb267a34e7c7,76,1
5e9d0d95eda69973a809d1ec,5eb0e4d0b6c3bb0006eeb254,5e9e4502f509094188566f88,"{'core': '5e9e28a5f3591809c03b2658', 'flight': 5, 'gridfins': True, 'legs': True, 'reused': True, 'landing_attempt': True, 'landing_success': False, 'landing_type': 'ASDS', 'landpad': '5e9e3032383ecb6bb234e7ca'}",2020-03-18T12:16:00.000Z,15600.0,VLEO,Falcon 9,KSC LC 39A,-80.6039558,28.6080585,5.0,4,B1048,False ASDS,5,True,True,True,5e9e3032383ecb6bb234e7ca,77,0
5e9d0d95eda69973a809d1ec,5eb0e4d1b6c3bb0006eeb255,5e9e4502f509094188566f88,"{'core': '5e9e28a6f35918c0803b265c', 'flight': 4, 'gridfins': True, 'legs': True, 'reused': True, 'landing_attempt': True, 'landing_success': True, 'landing_type': 'ASDS', 'landpad': '5e9e3032383ecb6bb234e7ca'}",2020-04-22T19:30:00.000Z,15600.0,VLEO,Falcon 9,KSC LC 39A,-80.6039558,28.6080585,5.0,12,B1051,True ASDS,4,True,True,True,5e9e3032383ecb6bb234e7ca,78,1
5e9d0d95eda69973a809d1ec,5eb0e4d1b6c3bb0006eeb257,5e9e4502f509094188566f88,"{'core': '5e9e28a7f3591817f23b2663', 'flight': 1, 'gridfins': True, 'legs': True, 'reused': False, 'landing_attempt': True, 'landing_success': True, 'landing_type': 'ASDS', 'landpad': '5e9e3032383ecb6bb234e7ca'}",2020-05-30T19:22:00.000Z,9525.0,ISS,Falcon 9,KSC LC 39A,-80.6039558,28.6080585,5.0,13,B1058,True ASDS,1,True,False,True,5e9e3032383ecb6bb234e7ca,79,1
5e9d0d95eda69973a809d1ec,5eb0e4d1b6c3bb0006eeb256,5e9e4501f509094ba4566f84,"{'core': '5e9e28a5f3591833b13b2659', 'flight': 5, 'gridfins': True, 'legs': True, 'reused': True, 'landing_attempt': True, 'landing_success': True, 'landing_type': 'ASDS', 'landpad': '5e9e3033383ecbb9e534e7cc'}",2020-06-04T01:25:00.000Z,15600.0,VLEO,Falcon 9,CCSFS SLC 40,-80.577366,28.5618571,5.0,9,B1049,True ASDS,5,True,True,True,5e9e3033383ecbb9e534e7cc,80,1
5e9d0d95eda69973a809d1ec,5eb0e4d1b6c3bb0006eeb258,5e9e4501f509094ba4566f84,"{'core': '5e9e28a7f359187afd3b2662', 'flight': 3, 'gridfins': True, 'legs': True, 'reused': True, 'landing_attempt': True, 'landing_success': True, 'landing_type': 'ASDS', 'landpad': '5e9e3032383ecb6bb234e7ca'}",2020-06-13T09:21:00.000Z,15600.0,VLEO,Falcon 9,CCSFS SLC 40,-80.577366,28.5618571,5.0,5,B1059,True ASDS,3,True,True,True,5e9e3032383ecb6bb234e7ca,81,1
5e9d0d95eda69973a809d1ec,5eb0e4d2b6c3bb0006eeb25c,5e9e4501f509094ba4566f84,"{'core': '5ef670f10059c33cee4a826c', 'flight': 1, 'gridfins': True, 'legs': True, 'reused': False, 'landing_attempt': True, 'landing_success': True, 'landing_type': 'ASDS', 'landpad': '5e9e3033383ecbb9e534e7cc'}",2020-06-30T19:55:00.000Z,3880.0,MEO,Falcon 9,CCSFS SLC 40,-80.577366,28.5618571,5.0,12,B1060,True ASDS,1,True,False,True,5e9e3033383ecbb9e534e7cc,82,1
5e9d0d95eda69973a809d1ec,5eb0e4d2b6c3bb0006eeb25b,5e9e4501f509094ba4566f84,"{'core': '5e9e28a7f3591817f23b2663', 'flight': 2, 'gridfins': True, 'legs': True, 'reused': True, 'landing_attempt': True, 'landing_success': True, 'landing_type': 'ASDS', 'landpad': '5e9e3033383ecbb9e534e7cc'}",2020-07-20T21:30:00.000Z,6123.547647058824,GEO,Falcon 9,CCSFS SLC 40,-80.577366,28.5618571,5.0,13,B1058,True ASDS,2,True,True,True,5e9e3033383ecbb9e534e7cc,83,1
5e9d0d95eda69973a809d1ec,5ed9859f1f30554030d45c3f,5e9e4501f509094ba4566f84,"{'core': '5e9e28a5f3591833b13b2659', 'flight': 6, 'gridfins': True, 'legs': True, 'reused': True, 'landing_attempt': True, 'landing_success': True, 'landing_type': 'ASDS', 'landpad': '5e9e3032383ecb6bb234e7ca'}",2020-08-18T14:31:00.000Z,15600.0,VLEO,Falcon 9,CCSFS SLC 40,-80.577366,28.5618571,5.0,9,B1049,True ASDS,6,True,True,True,5e9e3032383ecb6bb234e7ca,84,1
5e9d0d95eda69973a809d1ec,5eb0e4d1b6c3bb0006eeb259,5e9e4501f509094ba4566f84,"{'core': '5e9e28a7f359187afd3b2662', 'flight': 4, 'gridfins': True, 'legs': True, 'reused': True, 'landing_attempt': True, 'landing_success': True, 'landing_type': 'RTLS', 'landpad': '5e9e3032383ecb267a34e7c7'}",2020-08-30T23:18:00.000Z,1600.0,SSO,Falcon 9,CCSFS SLC 40,-80.577366,28.5618571,5.0,5,B1059,True RTLS,4,True,True,True,5e9e3032383ecb267a34e7c7,85,1
5e9d0d95eda69973a809d1ec,5ef6a4600059c33cee4a829e,5e9e4502f509094188566f88,"{'core': '5ef670f10059c33cee4a826c', 'flight': 2, 'gridfins': True, 'legs': True, 'reused': True, 'landing_attempt': True, 'landing_success': True, 'landing_type': 'ASDS', 'landpad': '5e9e3032383ecb6bb234e7ca'}",2020-09-03T12:46:00.000Z,15600.0,VLEO,Falcon 9,KSC LC 39A,-80.6039558,28.6080585,5.0,12,B1060,True ASDS,2,True,True,True,5e9e3032383ecb6bb234e7ca,86,1
5e9d0d95eda69973a809d1ec,5ef6a48e0059c33cee4a829f,5e9e4502f509094188566f88,"{'core': '5e9e28a7f3591817f23b2663', 'flight': 3, 'gridfins': True, 'legs': True, 'reused': True, 'landing_attempt': True, 'landing_success': True, 'landing_type': 'ASDS', 'landpad': '5e9e3032383ecb6bb234e7ca'}",2020-10-06T11:29:00.000Z,15600.0,VLEO,Falcon 9,KSC LC 39A,-80.6039558,28.6080585,5.0,13,B1058,True ASDS,3,True,True,True,5e9e3032383ecb6bb234e7ca,87,1
5e9d0d95eda69973a809d1ec,5ef6a4d50059c33cee4a82a1,5e9e4502f509094188566f88,"{'core': '5e9e28a6f35918c0803b265c', 'flight': 6, 'gridfins': True, 'legs': True, 'reused': True, 'landing_attempt': True, 'landing_success': True, 'landing_type': 'ASDS', 'landpad': '5e9e3032383ecb6bb234e7ca'}",2020-10-18T12:25:00.000Z,15600.0,VLEO,Falcon 9,KSC LC 39A,-80.6039558,28.6080585,5.0,12,B1051,True ASDS,6,True,True,True,5e9e3032383ecb6bb234e7ca,88,1
5e9d0d95eda69973a809d1ec,5ef6a4ea0059c33cee4a82a2,5e9e4501f509094ba4566f84,"{'core': '5ef670f10059c33cee4a826c', 'flight': 3, 'gridfins': True, 'legs': True, 'reused': True, 'landing_attempt': True, 'landing_success': True, 'landing_type': 'ASDS', 'landpad': '5e9e3033383ecbb9e534e7cc'}",2020-10-24T15:31:00.000Z,15600.0,VLEO,Falcon 9,CCSFS SLC 40,-80.577366,28.5618571,5.0,12,B1060,True ASDS,3,True,True,True,5e9e3033383ecbb9e534e7cc,89,1
5e9d0d95eda69973a809d1ec,5eb0e4d2b6c3bb0006eeb25e,5e9e4501f509094ba4566f84,"{'core': '5f57c5440622a633027900a0', 'flight': 1, 'gridfins': True, 'legs': True, 'reused': False, 'landing_attempt': True, 'landing_success': True, 'landing_type': 'ASDS', 'landpad': '5e9e3032383ecb6bb234e7ca'}",2020-11-05T23:24:00.000Z,3681.0,MEO,Falcon 9,CCSFS SLC 40,-80.577366,28.5618571,5.0,8,B1062,True ASDS,1,True,False,True,5e9e3032383ecb6bb234e7ca,90,1
